Temperature (Â°C),Pressure (bar),Vibration (mm/s),Working_Hours,Maintenance_Required,Remaining_Life (hours)
88.9,160.8,9.65,22705,False,2102
45.02,140.46,3.93,13973,True,854
112.05,171.85,9.58,20640,True,4024
73.43,233.96,4.55,9755,False,2356
119.58,240.21,5.49,2353,True,1868
107.7,29.44,1.61,4929,False,857
100.42,178.21,8.28,5131,False,3630
78.18,214.16,4.56,48016,True,4103
53.07,142.82,7.47,25405,False,8718
114.62,39.1,6.63,5154,True,6787
95.89,45.55,1.52,41294,False,7494
53.31,298.34,5.77,34430,False,2936
109.4,257.02,4.39,45631,True,709
50.93,141.79,0.37,7426,False,9895
112.97,283.1,1.72,7912,True,9971
46.42,96.23,4.67,40230,True,3537
95.06,68.28,6.3,9181,False,1436
91.03,131.0,2.69,42560,False,1487
79.61,46.52,5.52,39148,True,682
81.97,141.87,1.9,24851,True,4296
67.03,113.88,5.39,15564,False,1871
54.2,294.32,5.72,4775,True,3604
89.22,186.39,9.91,46235,False,4137
75.92,241.28,8.71,33051,True,290
47.68,97.14,3.2,4208,True,1251
108.42,252.34,5.31,11945,False,434
109.96,75.47,6.44,48474,False,4610
104.55,262.22,9.34,13091,True,3538
99.02,19.28,8.02,49602,True,7804
117.09,252.86,8.77,49556,True,5828
80.43,185.34,6.97,4225,True,6376
75.62,70.95,7.99,42092,False,1913
50.26,218.42,8.39,42764,False,8934
95.13,88.88,7.81,2487,True,6944
101.29,70.12,9.73,45438,True,544
103.62,19.02,8.32,22538,False,8203
84.58,161.76,8.86,43272,False,5309
105.39,128.15,9.98,13182,True,2852
84.17,22.33,0.43,6713,True,7685
94.48,180.44,7.95,9670,True,2478
49.96,290.15,8.29,11548,True,3498
101.23,162.4,7.54,8647,False,418
55.18,159.21,2.09,32112,False,3727
59.7,69.41,4.36,15661,True,8981
45.81,39.12,4.74,5444,False,7058
92.79,70.08,0.38,21232,False,4292
62.8,233.16,5.07,10182,True,8436
105.71,148.43,6.61,23288,False,784
117.04,46.22,3.27,49713,False,1143
108.77,32.31,8.63,1963,True,4398
75.75,105.78,2.54,35505,False,4246
72.33,242.31,5.04,40226,True,1493
113.65,298.55,4.04,12455,True,5679
42.87,122.1,8.28,29726,False,3166
51.25,86.61,8.24,5826,False,6800
110.97,26.32,5.28,32515,True,8391
47.13,122.29,0.3,17169,True,8977
50.01,182.07,5.34,19547,True,579
80.62,115.22,1.24,28099,True,8211
98.87,179.82,4.51,9617,False,1877
100.9,141.78,1.73,19068,True,2460
72.01,97.39,3.0,11110,True,3677
82.58,83.2,1.47,29701,True,4305
96.11,257.73,4.33,6268,False,3817
89.32,42.43,2.48,46968,False,9488
55.08,291.32,9.75,1451,False,2570
118.6,206.45,7.76,1036,True,9548
109.16,72.72,3.43,26788,True,6261
112.49,31.4,2.74,6783,True,1035
41.83,135.77,0.64,9071,True,2338
70.61,55.13,4.62,8642,True,1917
40.58,121.31,6.7,28044,False,2375
69.8,203.24,5.75,12869,False,5463
99.66,205.52,2.6,3463,True,5295
83.71,93.95,2.02,18756,False,1360
97.19,165.46,7.0,29141,False,7875
63.56,283.86,8.65,5751,True,8268
98.18,38.6,8.74,41265,False,3321
75.82,159.65,0.05,42396,True,4953
83.74,200.03,5.43,31335,True,4416
78.07,11.29,6.68,8561,True,7096
95.32,219.99,0.39,10405,False,379
46.47,122.57,6.74,7735,True,9663
106.96,41.34,5.92,13846,False,1541
92.94,277.88,4.31,3317,True,9737
106.06,227.32,4.99,22980,False,3214
111.62,30.21,6.27,46067,False,9151
110.94,192.42,0.37,17796,True,3553
51.95,91.46,2.47,17731,False,9119
78.64,158.88,3.35,36625,True,1578
90.04,179.83,7.04,14269,False,9576
47.82,264.48,3.07,11278,True,1858
45.78,222.29,3.47,33590,False,7627
117.54,51.53,0.62,20206,True,762
51.89,90.7,6.97,2277,True,5530
42.47,227.72,7.72,41537,True,9872
89.53,211.2,4.84,28293,True,3745
66.16,275.33,9.23,34504,True,5881
53.39,144.94,2.98,4448,False,4647
114.63,181.82,0.01,19320,False,9597
59.31,287.57,5.29,32898,True,7762
64.99,137.37,6.15,31655,True,5198
81.84,182.91,0.52,16788,True,1487
86.82,230.34,2.43,32677,False,8520
43.31,16.95,3.5,5089,True,1910
67.74,260.47,3.49,2177,False,9921
94.36,139.03,1.52,6334,True,259
118.01,269.9,0.01,18845,False,9822
90.97,287.23,3.62,29789,False,9371
94.07,50.87,9.7,19401,True,470
77.23,24.17,9.15,11775,True,9790
68.18,277.43,2.11,13861,True,8828
95.83,215.93,4.7,44179,True,9228
80.27,145.16,3.69,29523,True,900
97.45,187.51,0.22,1786,False,663
85.09,209.71,8.47,19744,True,4280
76.94,76.27,8.0,33197,False,7133
71.23,152.82,9.81,49072,True,2581
73.75,292.31,2.88,23496,True,585
55.97,109.26,8.03,17786,False,1333
49.18,216.18,5.48,8481,False,719
70.34,189.43,8.68,22407,True,8852
52.3,191.19,5.61,6616,False,5677
42.4,109.06,2.64,45077,False,7934
54.97,59.04,7.61,7734,False,6044
86.11,207.23,0.96,37559,True,3017
71.37,70.56,7.19,28377,False,2208
55.62,70.71,2.36,3059,True,212
102.8,170.76,7.71,49857,True,1265
79.63,45.46,4.72,43187,False,1706
93.33,178.82,2.79,37459,True,2267
91.88,188.98,0.88,31373,False,917
53.2,121.88,6.64,43156,True,759
65.67,272.42,4.38,48225,True,5667
50.09,28.63,9.53,8099,True,7672
74.31,221.78,0.16,12825,False,3158
109.01,18.19,1.11,25284,False,1724
77.37,80.5,1.94,11183,True,6965
46.94,131.48,6.54,19848,False,5347
42.31,22.8,2.22,11214,False,5182
104.14,143.44,8.07,11256,True,6282
58.95,163.62,8.19,49293,True,2342
44.14,124.78,7.88,39228,True,6747
69.52,130.41,6.89,39813,False,1224
44.23,144.93,0.16,40420,False,8175
75.68,71.49,4.45,24971,False,5166
90.91,208.37,2.06,29394,False,6650
96.46,30.68,8.79,7059,True,5013
89.83,166.34,7.75,38329,True,3247
82.28,71.91,9.6,39561,False,803
78.21,109.46,8.87,1440,True,8564
68.18,38.08,3.41,36327,False,2767
45.26,36.14,7.27,13866,False,4278
58.44,179.53,7.16,44417,False,2555
84.44,265.13,7.24,43141,True,2561
67.5,10.4,0.28,42936,False,7082
51.57,291.82,8.41,30676,False,2443
58.99,68.19,2.93,37426,False,4166
96.05,105.3,4.09,37567,True,5928
49.56,87.57,6.82,26018,False,4427
40.32,245.43,7.65,9454,True,3814
73.83,261.85,7.87,38572,False,4625
100.81,122.9,2.32,44647,False,7265
88.41,112.48,2.91,27750,True,367
47.28,100.38,3.67,8569,False,7212
109.81,240.56,5.67,7978,False,9561
46.71,103.31,7.8,4522,True,3654
79.91,175.77,5.04,45052,False,9075
75.45,253.93,4.01,46774,True,4616
62.23,217.5,4.89,28044,True,8969
119.13,15.62,1.9,25332,False,1048
92.25,27.65,8.83,49201,True,4837
102.82,37.82,7.29,17194,False,9394
73.45,176.59,7.45,15663,False,6097
69.68,59.55,7.77,46032,True,293
64.42,159.34,2.69,3923,True,9612
57.38,170.93,2.89,42607,True,6713
82.02,100.52,2.71,11107,False,5807
53.52,288.34,1.81,41411,False,9490
116.09,77.08,1.53,41709,True,7298
72.32,150.55,5.76,35810,True,4407
66.46,158.64,8.05,4778,True,139
55.36,193.07,6.56,26512,False,9284
42.27,155.58,8.98,42474,False,7580
57.29,124.46,6.01,39920,True,3123
81.4,140.19,0.22,42397,False,7609
77.03,129.46,1.03,49472,True,1442
117.98,219.44,1.2,3231,True,6058
86.29,128.75,0.37,3074,True,8714
105.76,138.16,3.14,25768,True,8389
54.83,20.36,2.37,40016,True,1976
78.76,70.57,7.95,46150,False,881
89.27,171.28,8.01,17715,False,5048
119.58,124.33,1.02,28959,True,7286
53.21,161.14,0.92,38454,True,5654
115.32,222.4,0.9,13945,True,4945
41.8,252.01,3.14,29384,True,9043
55.42,67.45,4.88,28021,True,4899
90.54,157.38,3.27,41122,False,1882
99.62,257.64,2.91,43552,True,6019
75.31,143.56,2.28,26056,False,3681
99.66,79.09,5.39,22327,True,4849
54.11,107.66,0.58,22698,False,6850
103.86,189.08,5.26,33224,True,7604
83.25,43.53,4.81,24083,False,4245
83.21,189.53,0.35,46412,True,3307
99.95,48.02,4.9,17954,False,9590
69.3,238.96,5.25,46406,False,3910
113.08,245.46,1.71,31026,True,2023
66.65,120.15,5.81,6674,False,5351
53.44,76.77,6.17,12031,True,1894
78.08,152.43,2.34,17167,False,7672
61.62,58.96,6.01,30937,True,9839
117.77,85.15,9.87,22338,True,2899
107.02,200.04,8.7,42532,False,9027
57.63,208.03,7.38,49173,False,9237
82.72,128.49,4.35,36801,True,3932
56.43,86.1,6.07,3915,False,9338
97.67,193.96,3.16,24025,False,5659
64.88,289.22,8.23,14471,False,8024
84.7,201.83,9.0,40559,True,2481
101.66,100.59,3.73,17124,True,1235
83.67,261.57,5.32,12638,True,4911
65.33,24.34,2.46,27864,False,4245
97.55,64.2,5.15,49735,False,9890
76.8,63.35,4.76,36259,True,9571
96.63,155.22,4.28,6608,True,2895
103.02,18.98,8.54,48006,False,4257
105.26,298.11,5.13,33885,True,7271
110.99,17.37,2.49,28316,True,1402
48.06,69.98,2.56,46894,False,2643
81.53,258.72,4.35,17122,True,9386
50.21,152.72,9.29,40089,False,3261
89.58,241.92,9.38,43471,False,8031
104.52,209.65,3.47,36936,True,3522
82.26,243.97,6.8,8422,False,6417
62.05,264.61,3.5,28984,False,8576
55.13,122.88,0.71,2129,True,1465
65.71,121.1,8.05,43784,True,6084
81.59,97.54,9.52,3980,True,5152
109.22,252.05,9.74,7023,True,7342
52.61,86.87,9.15,14133,False,4136
109.71,210.07,6.28,26540,True,7806
81.13,196.89,6.93,41878,False,6101
74.75,282.23,9.56,16878,True,5242
55.59,39.82,4.68,28654,False,7635
56.97,194.96,5.27,39117,False,4442
77.75,189.8,9.67,45888,False,6541
110.7,254.79,8.04,47829,True,4455
66.28,39.93,8.01,24694,True,2221
72.63,256.57,6.99,46469,False,5244
100.79,28.42,2.3,22268,False,7470
89.81,257.55,9.16,12143,False,1541
83.89,277.39,7.41,16448,True,4790
73.25,228.75,0.46,47187,True,3209
46.77,199.69,8.55,5673,False,8399
117.78,226.5,3.86,43161,False,9133
71.41,74.56,4.96,22023,True,8023
44.81,291.23,4.78,15962,True,246
61.84,277.56,5.38,20205,True,1592
66.74,166.49,4.83,39401,True,7383
45.91,69.12,2.57,18433,True,2480
59.15,269.99,7.85,17252,True,1268
100.27,255.94,4.69,4141,True,8721
115.26,166.21,2.54,19856,True,5620
65.54,34.03,5.14,14555,True,8887
102.93,64.68,0.65,29455,False,8070
41.67,276.07,9.96,42891,False,6593
51.69,240.86,2.94,23642,False,2166
62.19,86.69,0.27,35682,True,4791
70.56,208.65,2.04,1545,False,630
89.6,247.8,7.87,30787,True,4074
45.41,166.51,7.86,4032,False,6453
103.45,141.85,9.12,40782,True,5963
47.22,236.29,2.89,40399,True,3735
41.99,130.11,2.55,29960,False,4734
98.74,103.77,9.93,21564,False,2667
110.92,260.79,5.66,28559,False,6796
116.96,218.49,6.87,32155,True,7174
52.25,30.83,1.02,5557,False,3869
116.33,203.58,4.96,3087,False,9749
40.63,149.02,1.32,36235,False,9585
72.45,80.3,0.94,34586,False,9140
108.21,54.52,7.71,16489,False,6993
83.32,162.33,2.12,21259,False,8750
63.98,23.46,5.65,6841,True,3620
92.85,179.45,0.45,16788,False,8649
45.96,177.77,3.1,27919,True,1116
76.2,260.09,0.36,33455,False,112
119.49,221.95,4.08,33973,True,1534
80.0,77.28,7.79,42554,True,1439
116.31,38.41,7.6,7605,False,3581
83.39,268.08,1.56,16809,False,5961
113.31,228.68,8.88,42167,False,2723
61.27,24.39,7.69,38121,True,4760
56.77,178.14,3.25,16917,True,6660
93.0,131.25,4.78,6572,True,9486
116.85,183.37,8.57,9249,True,874
44.13,35.88,9.01,10599,True,1605
53.72,255.5,7.67,22494,False,7341
101.22,55.12,8.8,22740,True,3367
98.84,200.26,5.65,38970,True,4016
112.57,113.57,6.65,18693,False,8769
63.55,148.14,6.94,7981,False,2588
55.92,205.96,7.59,38708,True,9014
87.98,126.31,3.45,28579,True,793
77.75,247.29,1.04,11588,False,5631
44.97,22.35,4.36,49886,False,4035
91.46,243.32,7.17,6292,True,7731
54.95,184.01,1.33,43105,False,3498
85.84,150.8,7.11,41808,False,9361
90.52,113.95,9.19,40229,True,7843
94.98,167.64,8.55,34291,False,8967
96.57,177.24,5.72,46573,True,7488
96.46,247.31,2.99,21419,False,8081
107.98,288.14,4.95,21579,True,4824
89.81,153.33,4.34,23808,True,1002
89.66,15.22,6.88,13525,False,2264
61.96,20.73,1.09,26349,False,1187
61.47,81.63,7.74,28350,True,804
66.11,100.74,4.21,48593,False,5267
59.71,239.81,7.09,42443,True,6430
101.52,159.52,6.88,47624,True,3708
73.18,52.21,4.37,11324,False,6327
68.42,183.74,0.75,28951,False,9898
48.11,100.98,5.56,37111,True,1765
86.95,212.2,6.44,15281,True,1668
83.77,150.24,4.53,47552,True,943
77.96,165.56,7.13,3037,True,5241
71.67,49.52,2.77,31741,True,6122
79.34,45.97,9.25,28865,False,753
70.98,221.18,0.1,19029,False,7533
115.44,114.54,9.11,44676,True,6688
113.48,135.72,6.31,7635,False,4555
63.45,98.35,8.84,19107,False,1553
40.74,65.69,9.99,34753,True,9011
64.28,127.76,5.68,26028,True,5794
46.47,65.98,8.67,25142,False,5828
102.78,62.41,5.67,28512,True,3662
73.17,281.52,6.34,48813,True,7983
74.92,259.87,1.03,13792,False,4752
41.28,247.85,2.58,43201,False,6549
59.56,221.85,9.28,11832,True,9444
44.84,37.6,3.95,25163,False,2102
56.81,184.69,7.26,22669,True,521
103.5,32.51,6.56,37144,False,5551
92.0,41.46,3.41,30273,False,2211
86.3,218.07,9.82,3614,False,9761
80.38,18.09,0.1,6669,False,5831
106.31,235.82,7.98,29841,True,7549
51.8,44.95,9.3,32434,False,2110
93.67,249.1,4.76,40044,False,6327
45.3,199.04,4.05,14136,True,3242
62.2,42.39,4.03,13060,False,3107
62.27,290.01,7.6,1256,False,5273
118.93,249.34,1.1,19074,False,6067
59.52,299.48,9.18,19744,False,3506
85.72,54.96,7.38,49639,True,1970
90.92,291.38,5.11,10838,True,783
69.22,36.31,4.21,34423,True,6151
73.92,59.71,6.52,39742,True,1386
41.46,242.8,1.46,9377,True,8642
63.14,239.46,0.42,40243,True,398
80.73,112.5,7.13,43768,True,5000
75.86,95.32,9.49,5159,False,2341
54.5,90.03,3.29,31914,False,9419
113.34,263.71,9.19,20153,True,5432
106.38,93.17,5.33,26552,False,7496
64.59,130.3,8.72,42044,False,5762
109.61,274.9,1.21,42350,True,9393
43.5,58.05,0.82,30971,True,2568
52.12,285.49,7.68,29981,True,6138
62.66,89.09,2.35,14631,True,6059
42.8,37.53,8.93,25295,True,7542
113.46,242.77,2.46,19628,False,2602
98.75,210.85,8.41,31699,False,6334
97.32,174.54,6.0,9198,True,1961
58.06,208.94,0.21,19226,True,6549
71.37,239.98,3.81,49969,False,6822
81.46,282.0,9.35,12548,False,2321
119.68,224.85,0.35,44150,True,1854
81.57,233.04,4.67,37860,True,1545
80.58,228.26,5.24,39686,True,1321
78.92,154.74,4.06,12848,False,6691
87.85,206.25,9.99,24826,True,1851
77.7,290.4,0.16,45684,False,5622
65.81,142.33,4.94,48291,False,8886
98.22,113.0,2.98,23602,True,4417
50.2,276.13,8.3,13259,False,5766
83.32,161.46,8.43,1137,False,8505
107.95,111.5,3.12,31888,True,9434
54.11,289.6,7.37,11920,True,7594
93.89,118.4,8.96,49807,True,8495
78.45,52.09,9.0,10909,True,922
47.58,21.69,6.8,18100,False,7894
108.92,263.38,8.71,9373,True,6014
62.82,47.22,5.66,37806,False,1931
41.07,142.43,9.96,24785,True,1688
63.29,265.28,9.48,22318,True,5761
99.11,139.15,9.95,10119,True,5881
88.96,129.84,0.6,23891,False,2166
101.25,143.36,6.1,34910,True,7815
42.97,230.62,3.49,5423,True,5603
106.77,206.06,2.38,48899,True,6530
113.0,61.77,8.97,13166,True,2085
61.05,107.46,7.78,39092,True,9509
73.11,259.13,3.94,29235,False,732
75.82,39.99,5.69,45679,True,2231
85.14,274.15,9.15,5158,True,2844
101.65,154.01,0.28,41834,False,4090
58.26,226.79,5.03,30085,True,6703
70.48,240.11,3.61,17667,True,7885
55.21,107.5,7.26,20320,True,2120
64.37,236.1,8.18,32840,True,853
95.27,184.18,4.58,43019,False,2417
41.98,289.24,0.23,47863,False,2164
49.51,16.88,9.39,35820,True,9717
40.22,46.19,1.55,3740,True,4341
56.17,97.27,3.72,34560,True,7777
66.14,17.12,6.8,30961,False,3136
118.22,239.74,1.64,42639,True,3111
119.06,86.77,6.31,23937,False,2308
75.09,44.22,5.64,49151,True,7245
63.7,152.01,7.4,28279,False,8691
119.1,265.69,7.52,33782,False,7412
59.05,283.72,3.4,30478,False,7459
74.1,161.95,9.87,21316,False,5234
77.99,204.23,5.17,16202,True,5615
75.29,126.94,1.37,39248,False,3053
112.62,286.43,8.52,44780,False,9645
93.55,82.15,4.71,6488,False,6094
118.97,172.47,3.67,28891,True,6411
65.06,139.11,7.84,28369,False,8697
78.33,120.49,6.2,25366,False,1774
71.87,118.29,8.01,33245,True,8266
80.04,285.84,2.2,42285,False,965
79.15,162.53,5.74,29568,True,5722
101.9,278.95,1.65,49367,False,8087
62.31,178.64,0.49,7812,False,839
58.13,260.48,5.48,1270,False,2907
69.87,174.8,6.28,26692,True,5058
101.69,146.73,0.06,12404,False,837
60.47,132.28,4.84,14140,False,9559
81.68,211.27,9.66,36033,True,2460
40.98,114.67,0.71,26284,True,1988
102.9,29.8,2.66,20615,False,1720
44.5,268.5,4.11,28667,True,798
112.01,127.37,9.29,41079,False,1395
80.05,178.83,9.13,1922,False,601
44.82,140.59,5.95,24383,False,5172
76.37,176.85,8.1,45842,True,1670
107.62,164.52,8.22,45403,True,4607
43.73,114.64,4.41,15740,True,593
76.79,11.55,5.12,30227,False,5236
77.85,43.71,1.67,10203,True,2944
67.72,126.09,3.34,38967,True,8887
96.47,212.24,2.81,44948,False,9738
55.45,188.69,6.17,10738,True,6164
58.0,110.09,6.27,46092,True,6849
50.25,193.3,0.99,35891,False,6055
87.88,207.54,8.04,2069,False,1510
87.47,87.67,6.1,24577,True,1550
92.35,54.67,8.6,32806,True,1571
69.92,214.04,6.44,6461,False,9531
63.49,216.76,5.27,20210,False,7021
87.03,244.73,2.58,8188,True,5082
69.1,200.88,2.01,40017,True,3814
106.27,141.63,3.11,25237,False,1191
108.84,145.42,0.31,5484,True,9734
98.13,61.02,2.66,21240,False,9611
76.31,113.05,7.09,26384,False,6195
105.88,124.84,1.06,25021,True,6318
62.38,128.75,3.5,3540,False,7848
72.11,104.6,3.2,12254,False,1132
115.35,37.7,1.6,34892,False,7823
49.68,51.25,4.78,20467,True,4713
81.87,162.29,7.58,29297,True,4659
41.0,143.36,5.74,33751,False,2082
87.95,238.09,5.48,11916,False,5809
81.01,122.12,0.14,18367,True,2246
90.27,28.06,6.07,8855,False,5308
89.38,205.71,3.55,7364,False,4398
67.03,221.42,3.47,16541,False,7268
43.79,146.27,8.65,43547,True,6026
59.1,140.58,3.91,41167,True,1336
75.79,56.12,1.63,13113,True,1609
60.36,161.69,8.38,2726,False,6184
40.48,44.56,3.55,46593,True,5624
40.29,184.28,7.64,41097,True,9508
81.59,17.72,8.14,22886,False,6408
83.27,14.53,9.01,44631,True,5811
83.52,167.02,5.84,1301,False,3682
105.13,79.8,6.22,7823,False,7775
61.22,27.55,6.37,5710,False,4955
61.11,73.43,3.75,26997,True,2297
110.42,151.38,1.41,15209,False,4898
69.34,121.99,8.34,5196,False,8561
71.63,197.39,4.61,4284,True,8760
83.64,216.54,4.89,22979,True,6764
91.26,91.06,7.25,29917,True,9635
55.02,21.31,4.99,34308,False,4830
92.35,99.25,4.45,34963,False,1696
43.05,221.37,7.06,11675,False,8220
118.47,240.44,4.22,27743,True,6140
96.19,55.34,2.88,26296,False,6875
88.81,154.24,5.84,8453,True,1927
95.37,136.61,2.82,38558,False,7090
115.12,139.08,2.43,49242,True,6895
93.93,139.99,7.81,17916,True,1122
57.15,293.87,5.91,45078,True,8059
91.08,191.23,5.33,28376,False,1062
50.59,282.65,9.82,22296,True,132
46.56,141.71,7.95,41031,True,1970
86.15,271.41,8.59,14387,False,3337
113.12,294.37,7.39,38210,False,7048
109.84,211.4,0.0,34649,True,3715
70.2,251.01,3.09,38331,True,4799
59.4,199.11,3.79,38307,False,4694
117.35,85.19,4.72,20115,False,6024
45.72,169.92,9.97,38138,False,6986
91.56,212.84,8.86,1549,False,6874
40.52,78.4,3.23,29867,False,3600
55.43,22.97,4.82,13176,True,585
96.2,252.35,8.04,40371,True,6200
58.78,229.47,3.66,10795,False,6843
114.92,197.55,5.66,48506,False,5315
81.66,191.09,9.69,9658,True,4465
75.33,257.77,8.26,22658,False,5519
117.88,119.53,5.03,43084,False,2843
67.62,122.79,1.93,31601,False,5854
68.45,72.59,7.57,49246,True,3611
90.15,103.05,1.42,27825,False,6446
54.21,61.13,6.23,17780,True,6476
113.78,268.35,3.69,43560,True,2948
40.92,118.22,5.41,48765,True,362
81.18,217.82,1.31,16006,False,2056
78.53,270.84,5.33,26060,False,2915
71.29,235.41,6.29,43142,False,7993
99.35,162.7,7.24,11412,True,9132
47.99,282.11,0.17,25843,True,8280
64.03,62.62,2.99,8375,True,8452
88.01,53.19,7.76,24820,False,5767
81.72,207.28,0.29,31653,False,6266
65.16,150.56,8.41,49618,False,1630
54.83,154.58,9.05,3235,False,1659
41.47,266.49,8.01,33595,True,3288
107.71,51.11,2.96,13710,True,7987
101.61,213.06,7.69,46266,False,2609
82.56,122.93,4.84,11013,True,7477
63.63,30.55,9.15,41936,False,7720
113.8,226.01,5.58,12908,True,4271
65.98,136.64,5.97,7414,False,1256
85.08,170.52,1.21,20190,True,2688
103.42,158.67,1.13,49506,False,4334
47.88,24.73,2.99,2853,True,3303
47.52,160.28,7.4,8961,True,6035
63.51,25.75,3.23,28196,True,6263
64.5,14.9,3.73,42939,True,2111
68.32,60.56,9.66,12498,False,105
94.68,97.31,5.92,21742,True,1761
60.94,108.8,2.69,46205,False,271
82.85,14.28,8.82,32971,False,8981
51.99,221.54,0.03,14082,True,509
90.46,288.58,1.6,46583,True,6103
43.85,145.24,2.38,16912,False,3969
113.9,176.78,8.95,26182,True,8899
110.19,294.48,7.0,27842,True,9753
64.59,209.14,8.38,33719,False,9055
89.3,63.33,4.99,1085,False,2464
53.32,79.63,4.09,49663,True,1451
93.2,76.08,1.79,28184,True,5461
116.05,204.18,4.09,23493,False,7035
47.77,156.98,1.64,17895,False,9856
92.03,23.59,2.53,41502,False,4898
56.07,226.52,4.15,47743,True,4985
92.63,45.01,6.27,3628,False,1098
66.24,152.36,0.35,28826,True,4168
61.57,221.85,5.94,20278,False,9934
68.38,53.26,2.14,30124,True,9511
58.24,135.1,2.09,39840,True,2398
60.57,254.25,6.3,17547,False,619
65.29,163.26,7.8,1613,True,4345
86.41,244.69,4.55,38250,True,6644
45.51,56.54,0.54,18954,False,7715
43.78,114.33,4.49,47484,True,8341
60.39,248.86,7.36,46162,True,5878
103.78,252.0,9.21,8547,True,1931
118.43,144.23,0.93,30785,True,5923
79.22,285.63,2.9,37319,False,1406
51.6,125.03,3.76,26507,False,6279
58.4,258.71,4.79,3343,True,473
66.16,277.76,0.87,37786,True,4500
73.52,102.62,8.54,11188,False,5394
94.38,43.03,4.34,34546,True,2948
95.24,95.25,4.1,37009,False,3611
117.63,230.14,5.18,21529,False,9210
68.59,143.05,6.66,48174,True,1374
67.24,266.44,9.97,20883,True,848
62.02,276.59,6.28,13398,False,9528
107.08,56.81,0.78,28802,False,2339
55.0,97.56,10.0,18038,False,9015
91.44,195.1,0.62,38391,False,8986
105.04,157.82,4.61,40144,True,6670
79.22,96.11,1.65,20376,False,9181
67.01,203.03,2.73,24910,True,3950
55.68,221.19,8.64,36103,True,4668
46.08,168.72,8.51,1280,False,8455
62.97,71.46,9.37,33087,True,5570
45.42,185.42,4.22,28441,False,6565
48.71,286.24,1.38,12670,False,4781
42.22,77.16,6.3,36589,True,2442
59.16,223.29,5.62,42080,False,8792
89.41,96.49,7.62,27698,False,5257
100.1,36.26,8.95,27190,True,7679
74.72,267.12,5.49,1148,True,4222
59.48,271.56,3.59,23566,True,3979
45.99,34.53,6.48,46785,False,9492
100.27,46.04,9.26,40228,True,8461
48.54,191.54,1.94,22042,False,4977
55.86,216.33,9.95,19608,False,4057
76.16,189.17,5.21,41202,False,8171
73.81,43.67,6.41,13511,False,6586
109.07,20.31,2.53,17851,False,6836
107.66,172.6,1.64,27495,False,7583
56.63,127.77,6.68,17718,True,2394
56.23,81.07,8.5,31455,False,7679
88.54,31.93,4.11,41972,True,7846
101.14,160.67,2.07,9317,False,4294
95.47,242.51,8.31,15485,False,1848
76.98,149.78,2.57,12388,False,113
110.75,219.25,0.57,37534,True,9745
85.89,109.54,7.39,45126,False,647
52.98,221.6,0.44,15877,False,4723
103.5,90.45,1.19,39596,True,481
53.71,22.18,3.02,19938,False,1929
80.03,159.43,7.73,46603,False,9479
119.85,68.49,1.92,5506,True,5230
61.32,240.72,6.43,29826,True,8303
66.14,297.43,7.84,28357,False,2840
48.95,87.87,0.64,33842,False,3912
55.12,27.52,5.74,29459,True,1880
53.54,38.07,2.44,49737,False,3382
50.88,169.33,3.35,18329,False,7171
104.41,248.19,0.97,29279,True,5130
90.88,13.06,7.2,14809,False,804
45.53,61.18,8.92,1942,False,3586
75.86,245.69,1.82,1203,True,190
92.25,56.96,2.58,5633,True,936
103.85,129.31,8.68,23757,True,1337
48.75,93.36,7.05,26638,True,7124
70.75,59.95,4.71,19268,True,6588
43.21,37.48,4.19,48407,False,8863
88.96,188.97,6.54,27527,True,8529
64.0,229.56,6.11,46909,False,9345
49.7,21.69,0.94,22435,True,8168
119.46,106.18,8.87,23500,False,8470
67.88,71.11,0.85,18088,False,983
92.19,190.97,3.16,13838,True,6972
52.63,203.67,8.24,38474,False,1463
78.16,140.67,7.13,9266,True,4602
55.14,73.29,5.36,34383,False,7771
83.05,155.61,1.62,23663,True,5976
83.3,57.14,1.95,21632,False,9444
81.83,274.55,2.79,2276,True,2994
85.29,30.24,9.29,21220,True,4932
118.49,58.27,6.71,43694,True,2102
67.91,134.66,2.85,12131,True,7054
113.88,64.59,9.38,10469,False,3854
65.7,228.26,9.64,11457,False,3396
66.86,235.1,0.58,13060,False,8900
63.85,189.94,1.65,22424,True,2928
75.04,89.09,6.43,18828,True,2241
111.84,206.98,5.72,25180,False,1320
40.25,245.18,7.01,2406,False,7587
118.45,184.27,3.69,25912,True,9012
45.48,43.87,1.61,21235,True,7436
90.37,220.04,0.86,24409,False,2690
91.6,297.05,1.78,26862,True,1900
86.03,38.98,8.18,6675,True,8793
101.43,123.33,9.82,22058,False,5563
59.89,43.59,1.24,45997,True,1180
104.35,194.86,4.63,16009,True,9598
70.51,287.63,1.32,39643,False,2494
65.51,228.16,6.5,46504,False,4780
98.19,209.92,4.14,1667,True,9222
110.51,100.23,5.51,41874,False,1560
107.29,133.73,0.03,16609,True,4537
82.96,231.6,7.05,24840,False,911
47.34,132.33,5.45,31431,True,270
110.26,248.06,0.93,14622,False,9205
46.48,192.89,7.67,12072,True,1885
102.76,49.37,6.09,49172,False,7340
45.24,167.87,3.54,46922,False,716
72.27,147.03,6.65,35822,True,1273
40.88,183.03,6.87,2082,True,5176
53.37,275.27,8.86,25824,True,5922
51.84,119.12,5.81,41066,False,9158
91.67,177.3,7.7,44508,True,585
106.51,70.09,1.96,47739,False,9726
97.29,123.87,9.32,40229,True,7420
84.72,164.26,5.35,18578,False,3306
53.9,173.41,2.9,7173,True,179
94.15,41.91,5.87,2428,True,7683
45.17,230.86,8.06,2979,False,8623
93.2,154.6,6.17,45905,True,8522
71.17,199.71,1.35,30135,True,799
65.93,274.64,3.87,28588,False,9527
51.65,132.35,6.35,34341,True,119
66.33,103.59,7.54,26562,True,6308
69.64,91.69,3.29,31127,True,9278
112.83,145.49,8.09,2204,True,4552
93.5,49.73,8.96,1967,False,1450
93.82,112.03,9.17,27671,True,3584
86.38,210.75,9.08,21491,True,8990
108.48,44.66,4.42,30076,False,495
57.72,14.74,3.14,34898,False,8011
114.41,225.24,6.97,38199,False,9747
75.36,53.55,1.61,16500,False,9435
109.08,124.87,1.48,10750,True,7400
55.94,36.28,4.83,15008,True,2053
76.98,118.73,1.19,37018,True,7917
114.39,89.64,2.29,21554,True,9113
66.13,65.64,1.49,14537,True,5131
118.74,106.74,9.01,20086,True,2226
115.3,266.82,6.23,35658,True,9913
74.43,36.16,2.3,30009,True,9305
98.3,40.53,4.36,44902,True,1833
113.91,158.76,4.64,44481,False,6097
61.35,158.74,5.45,4817,False,5769
96.1,95.63,5.36,35942,False,4580
46.52,44.46,1.62,46382,True,4359
111.9,187.56,4.02,9626,True,3862
110.66,226.31,3.13,19735,True,2389
51.91,169.39,0.65,42174,False,3201
67.27,299.17,9.02,42569,False,9867
90.06,15.72,3.35,24179,False,1191
79.27,68.47,8.73,23293,True,8880
116.11,281.09,4.67,39459,False,5259
82.61,178.39,1.06,26724,False,8802
53.67,233.93,9.34,45803,False,7625
118.67,70.39,0.87,24543,True,8299
113.36,147.57,0.22,20366,False,9724
72.67,75.16,2.59,48463,False,3460
114.73,274.5,0.18,40863,False,9686
115.4,76.27,4.49,23574,False,2304
98.2,230.81,0.36,1872,False,4321
112.15,220.86,5.67,12805,False,9626
43.25,248.93,0.42,46903,True,9462
58.97,156.73,0.28,43732,True,7216
73.51,20.76,2.41,2938,False,9014
65.83,192.44,0.94,3172,False,4900
115.61,169.88,3.27,26287,True,5268
104.95,61.15,2.38,18235,True,7276
105.96,111.29,7.92,36465,False,3730
73.89,107.62,1.11,40599,False,6107
60.55,260.87,6.89,36654,True,3420
106.74,46.48,4.23,7318,True,9784
91.33,139.73,8.58,4878,True,4814
47.53,29.44,4.38,25492,False,7192
88.62,129.58,4.25,13313,True,1070
88.6,229.96,6.09,48176,False,5756
63.0,270.95,5.61,25865,False,8251
46.17,75.21,1.38,12704,False,4681
65.25,148.72,1.74,5513,True,710
74.12,219.17,6.4,20766,False,5151
114.26,15.87,4.62,42647,True,4715
61.75,268.96,6.06,44554,True,264
82.59,44.04,6.16,28744,False,7316
66.43,152.65,3.32,36925,True,8835
101.16,43.13,8.58,38065,True,2633
119.67,212.39,5.14,27540,True,2171
88.49,65.83,2.41,18374,False,1876
112.21,93.25,6.29,10121,False,2149
96.07,295.77,3.75,11163,True,174
115.15,230.38,9.79,21379,False,5759
110.94,100.79,8.54,9256,False,1101
58.74,294.94,7.4,47905,False,6196
68.76,269.21,9.48,49286,False,3052
60.82,27.64,5.26,18218,False,8344
50.34,17.37,0.36,5440,True,2078
66.73,115.5,0.3,17607,True,5172
59.21,79.42,9.28,1019,True,1999
77.64,276.69,0.01,14649,True,136
88.32,241.77,1.69,19750,False,4981
91.79,271.82,9.54,12316,True,8672
98.1,194.49,6.43,47966,False,460
97.61,226.53,1.84,17044,True,1998
96.6,67.68,0.33,11768,True,5245
56.27,230.32,7.81,5442,True,7606
78.27,244.81,3.89,41681,True,2577
90.74,271.5,8.0,28899,True,132
57.09,44.06,7.45,17186,True,8194
114.52,114.07,0.16,30116,True,9563
94.88,193.9,7.49,37934,True,6098
94.45,68.76,0.91,4528,True,5644
119.07,259.14,6.1,5752,True,7309
103.8,52.27,5.73,21402,False,5347
80.29,180.1,9.49,23714,True,9239
89.82,284.36,7.04,4422,True,2972
113.57,99.53,9.99,46510,False,9735
94.92,41.0,5.1,12050,True,3055
90.47,197.85,7.3,37806,True,1275
49.87,252.07,9.67,31200,False,3064
98.31,262.86,7.34,15269,True,7269
48.02,16.83,3.67,3196,False,5110
40.16,155.13,0.72,15420,False,331
43.52,186.68,8.98,16078,True,9700
52.44,151.57,8.0,4605,True,1905
108.03,261.59,2.16,16311,True,2474
40.08,107.94,2.08,39028,True,5325
59.19,283.03,1.61,21539,True,9787
40.96,99.6,2.0,5637,True,8491
113.4,145.17,8.07,2316,True,9502
55.36,70.57,9.66,34356,True,5339
58.62,58.82,6.07,34766,True,4555
109.35,187.73,9.57,17815,False,2201
105.46,166.25,2.59,7455,False,4610
88.45,158.87,6.67,46392,False,9212
65.24,274.69,9.26,13705,True,1610
52.96,231.1,9.2,29400,True,4834
51.73,14.41,4.74,20351,False,7596
43.74,50.36,1.98,8176,False,6954
60.33,178.33,0.54,49354,False,3295
60.26,139.82,6.0,3221,True,4407
68.5,38.63,6.14,25261,False,2718
95.61,146.53,1.49,46915,False,4478
83.21,91.94,5.08,14754,True,7968
112.33,179.93,7.84,46700,True,1080
48.06,76.87,6.42,42927,True,1129
66.7,265.86,9.84,33736,True,1865
92.39,109.75,1.15,45725,True,1287
115.4,55.64,5.66,7653,True,9035
88.56,233.59,5.33,26611,True,3469
89.99,175.49,6.72,27111,False,923
101.6,84.79,2.12,27622,True,4549
92.51,174.63,1.65,18480,False,1940
99.17,120.24,9.98,42918,True,7049
46.12,39.92,7.01,42409,True,3477
77.96,149.0,2.54,14956,False,6988
63.84,185.76,6.1,45925,True,1202
72.05,191.43,6.13,3163,True,3747
51.22,86.21,4.26,9747,True,3475
61.42,299.72,0.5,9047,False,8201
66.0,62.48,2.6,15204,True,6635
70.13,115.9,3.44,40872,False,4240
103.78,151.93,8.68,29228,True,9443
114.01,181.36,6.53,23030,True,491
100.01,181.21,8.21,43237,False,9132
116.21,106.69,9.33,49704,True,8460
48.96,171.53,2.5,38770,True,878
69.23,78.19,6.11,4641,True,3480
56.41,84.88,9.29,33343,False,9533
46.88,185.6,6.74,49046,False,8330
89.08,29.23,7.85,23971,True,2038
97.89,189.19,0.85,2940,False,7955
119.28,225.4,6.41,40758,True,4376
100.66,62.31,3.72,45279,True,2096
100.59,271.3,0.01,28409,True,3955
68.03,118.66,2.01,5974,False,7791
112.76,66.71,0.42,42796,False,2337
89.98,106.05,9.19,11028,False,7441
96.13,277.82,2.59,17733,False,8197
47.25,50.86,3.0,35640,True,4689
91.83,31.72,5.81,19234,False,6394
114.29,265.72,8.59,22321,False,788
99.96,177.11,1.94,25912,False,834
66.16,155.18,5.61,15057,True,6038
63.58,158.53,8.1,12913,False,2376
79.24,289.09,1.46,18571,True,605
72.12,105.52,3.12,36413,True,2484
42.01,89.3,0.04,1498,False,8733
116.37,265.02,3.0,47028,False,258
101.07,55.41,5.45,39101,False,6701
71.43,110.28,5.8,19053,False,4712
82.15,81.77,3.14,21326,False,5573
107.79,70.25,9.69,19345,False,3160
45.88,69.47,4.85,9168,True,7918
109.32,156.46,8.56,16388,False,6361
113.61,75.93,0.27,49689,False,2385
88.25,33.79,8.62,47671,False,9865
62.69,256.73,8.56,1082,False,2510
104.03,205.41,9.72,11694,False,8683
99.79,262.26,6.63,18631,True,2728
58.35,247.89,7.11,38663,False,7536
104.53,88.7,0.34,13355,False,8063
56.42,175.67,8.56,35706,True,3244
91.14,212.29,1.85,35432,True,9029
67.66,253.89,8.24,3463,False,2534
94.04,39.12,1.98,20845,False,9595
92.76,77.94,9.78,9937,False,7549
94.86,215.93,0.87,18910,True,8378
40.06,284.11,6.34,44464,True,6908
86.81,192.03,3.01,3712,False,2930
44.95,287.88,2.69,35365,True,8142
88.03,88.86,7.92,45434,False,6378
105.15,88.02,0.24,6478,False,1818
61.87,29.35,7.3,4494,True,5450
52.12,271.44,6.54,47229,False,789
113.21,157.35,8.69,43710,True,5349
116.34,118.56,1.55,3058,False,4236
110.18,137.46,3.59,47783,True,5335
61.61,267.98,4.19,19836,True,9028
99.72,212.74,8.75,6373,True,8643
41.16,186.17,4.15,12551,False,3187
93.97,167.11,9.04,37306,True,2478
55.7,99.71,4.59,43995,False,8516
103.38,281.52,5.29,33860,True,8909
62.07,60.99,2.05,22721,False,676
66.68,203.39,1.11,4383,True,5032
97.92,185.96,3.76,33016,False,6487
96.23,183.62,6.52,6836,False,3427
105.57,213.92,4.35,48997,False,637
48.77,274.94,8.93,48972,False,2523
117.49,207.78,2.41,20719,False,6641
116.36,134.47,4.65,42140,True,2651
118.59,289.48,7.69,22315,True,1039
99.05,52.02,2.8,38895,False,5486
83.31,73.25,6.55,36968,False,2903
50.02,257.31,7.1,8396,True,4579
98.59,236.08,0.49,5304,False,9211
101.05,260.93,9.66,4659,False,6928
94.39,109.96,7.55,11302,True,7547
95.59,291.0,1.31,14193,True,6440
42.7,202.97,6.24,30821,True,6957
56.54,34.84,2.53,31215,False,9269
110.63,216.89,2.86,21740,True,6221
93.2,230.84,5.48,17966,True,8507
76.05,137.09,7.04,38605,True,9313
102.69,246.75,2.01,6101,False,4681
99.81,272.9,6.33,7053,True,3448
95.72,13.83,1.31,14143,False,4778
66.02,23.08,5.01,17136,True,2810
74.78,12.22,1.3,21280,True,3510
100.69,63.83,6.25,45403,True,9900
82.83,38.22,9.71,12861,False,716
100.37,103.54,8.44,38499,False,4539
97.9,138.04,3.61,28722,False,6476
85.51,69.9,3.52,26008,False,9240
51.11,192.25,2.79,29877,True,2572
69.35,157.17,0.7,3560,False,7846
88.07,220.93,7.83,49760,True,4107
118.24,139.77,4.02,41071,False,9827
44.52,44.16,8.65,13134,False,2732
103.65,155.18,0.48,3540,True,6276
59.69,117.43,1.98,16523,False,5679
69.03,53.94,7.69,22837,True,2781
78.95,17.45,3.47,47813,True,8970
43.48,284.44,1.51,12679,True,3384
117.23,181.47,0.93,20504,True,8132
43.74,169.58,7.82,5432,True,8318
110.42,249.1,5.84,22060,False,1602
83.25,34.8,7.64,37879,False,2373
118.39,41.1,0.34,43069,False,5083
60.01,156.56,4.8,39001,False,5952
51.13,272.07,2.54,47185,True,7437
92.14,238.94,7.5,13154,True,8431
106.64,130.65,7.42,12975,True,9587
50.79,181.26,1.2,16198,False,5741
91.79,94.96,1.66,30270,False,3417
56.44,45.01,8.43,6583,False,3465
84.71,236.55,9.91,1473,True,480
57.61,202.9,7.84,34809,False,5946
75.07,107.97,5.8,25466,False,9789
101.85,83.17,7.59,32987,True,1411
113.67,205.18,9.65,20889,True,6115
60.36,232.16,0.19,29447,True,4705
76.79,157.63,9.92,25497,False,2687
78.69,191.66,8.69,27728,True,637
95.92,126.65,4.99,16400,True,5724
80.81,140.06,4.79,22221,False,3178
110.94,293.44,1.42,7669,True,4451
115.94,285.66,7.03,1719,True,5528
50.03,94.65,0.35,34105,False,6813
62.76,274.99,9.91,1398,False,6974
82.28,123.87,9.15,1414,True,4643
91.38,146.4,4.22,8094,False,2957
75.28,189.66,6.58,5220,True,9724
73.51,208.32,6.35,34178,True,4897
87.19,83.0,0.19,33021,True,4027
82.9,262.93,1.75,22266,True,4299
102.66,90.41,0.9,46859,True,1903
51.98,278.29,0.87,19008,False,8687
68.48,52.19,7.99,30870,False,5255
62.46,290.57,3.89,36457,False,218
97.1,207.35,5.19,47320,True,6366
40.62,243.69,1.84,36702,True,4313
66.07,198.83,9.61,2670,False,296
108.66,262.68,8.13,4862,True,8409
56.06,125.2,0.51,10511,True,1785
112.01,230.73,4.5,39019,True,9919
97.11,115.94,1.08,33348,False,730
51.84,62.2,2.44,18975,True,3521
56.92,239.27,7.1,44095,False,9086
49.2,58.05,8.01,26799,False,6453
50.16,67.5,8.19,7046,True,9105
95.32,74.32,7.15,41822,True,3179
111.32,34.48,9.29,36553,True,9243
49.49,47.22,2.76,11087,True,7819
104.78,159.96,8.21,14347,False,117
110.21,185.42,6.59,36063,False,1177
91.96,152.92,4.53,21376,False,7289
42.31,270.42,8.77,43564,False,1396
105.56,281.14,0.78,14055,True,8242
118.38,202.35,7.86,4237,True,5085
104.08,76.68,0.32,3303,True,8240
73.73,223.95,1.65,3251,False,1662
118.62,293.68,2.38,28621,False,4721
105.42,72.18,9.22,24174,True,5699
66.3,224.82,6.48,31779,True,8847
41.58,59.71,3.5,36309,True,3897
107.03,183.71,3.69,25414,True,4437
55.58,106.39,5.48,46964,False,9366
116.74,269.11,8.25,27166,False,2317
97.51,162.33,7.87,15623,False,3243
82.98,224.84,5.69,21018,True,2530
60.56,89.51,6.33,8798,False,7295
93.39,19.21,0.41,11952,True,2379
92.66,176.87,4.36,47192,False,517
115.68,199.56,5.47,19326,True,3099
100.01,43.3,1.77,41952,False,2951
99.43,17.71,6.37,15186,True,5292
66.68,42.77,1.65,30736,False,4400
69.94,73.83,7.81,21493,True,2990
86.08,97.09,6.98,9737,True,390
103.51,177.39,8.4,26627,False,3029
54.41,29.16,0.79,2945,False,5684
64.78,65.98,1.16,37364,False,8174
100.32,125.85,5.73,23128,False,4426
113.16,46.47,6.84,13773,False,7790
113.72,185.39,0.15,10698,True,2035
43.48,90.04,2.86,36112,True,868
111.69,74.66,4.58,42319,False,755
101.17,125.17,8.01,42628,False,126
53.74,176.24,1.55,12511,True,5652
88.64,241.59,9.19,46085,True,7337
55.73,190.38,4.84,25966,True,3369
84.09,292.42,3.2,25441,False,2607
79.25,197.04,0.88,39603,True,5872
110.62,284.05,6.23,32892,True,6013
53.26,112.84,9.59,46335,False,1173
98.82,283.41,7.54,14556,False,302
109.45,77.13,2.1,24086,False,2085
44.96,206.45,7.07,14077,True,1607
107.22,112.76,8.02,1745,False,3351
95.28,116.12,7.71,46427,True,4045
56.29,44.5,3.71,11766,False,7172
100.29,137.72,4.43,45686,True,7369
45.6,197.15,3.69,43300,False,7039
53.39,275.85,4.05,14784,True,6357
116.35,59.7,2.79,45600,True,4049
54.32,20.87,0.48,32356,True,404
91.8,202.41,6.78,29333,False,6497
52.99,60.53,4.37,31749,False,6856
62.99,62.78,1.05,34669,True,2653
105.57,256.13,4.62,21325,True,1580
108.1,217.49,5.48,23599,True,5640
70.08,273.75,1.55,1938,True,4557
54.67,231.23,8.54,30472,False,3107
95.77,157.68,4.13,4150,False,4306
96.17,146.7,2.83,49704,True,8268
82.44,98.39,6.71,5571,True,6228
84.1,298.38,1.32,48763,False,9894
47.28,11.38,0.02,37135,True,5172
97.4,55.82,9.77,7014,True,5221
60.73,203.23,2.54,21235,False,6461
102.65,152.49,0.01,30155,True,3435
65.61,245.23,3.67,46993,True,3718
98.43,75.11,3.94,21241,False,2898
44.13,56.99,6.32,46819,True,2818
118.79,185.47,3.37,15530,False,1911
61.15,63.6,8.1,28927,True,2748
102.24,132.76,9.6,49228,False,7588
96.63,234.38,3.88,22575,False,878
86.03,279.91,3.74,39765,True,7061
81.99,255.82,2.26,10949,True,8383
61.01,48.83,8.05,15568,True,8220
106.94,154.45,6.86,4715,True,9428
82.09,130.22,2.97,39166,True,9309
119.85,172.94,4.54,46222,False,6892
118.04,212.01,9.95,23826,False,7066
111.74,220.57,7.47,5606,False,5377
106.81,109.57,3.6,48524,False,4877
66.57,40.89,6.21,37382,False,9684
51.22,229.78,3.09,6105,True,4717
47.28,115.46,1.78,5024,True,9443
57.9,267.09,1.21,32598,True,1973
43.44,32.6,0.25,28587,False,6910
55.33,24.25,9.34,31732,False,4047
116.6,251.24,7.22,4522,False,1101
73.34,193.93,3.15,47476,True,9308
74.68,120.27,4.75,11772,True,6840
79.84,41.37,0.48,26519,False,6298
80.81,259.33,4.39,39812,True,3781
48.21,131.29,5.31,9984,True,2814
107.06,27.5,5.77,1988,False,7785
60.69,137.83,6.26,6054,True,3904
41.26,97.29,5.23,26736,False,2309
67.08,149.24,3.81,3120,False,8691
54.39,60.77,0.75,35861,False,1790
103.2,258.52,5.13,29708,True,6587
117.32,123.7,7.94,18580,False,7458
90.0,126.75,6.56,3161,False,8600
93.7,72.36,1.73,33434,True,4617
48.37,20.05,9.05,2964,True,2665
94.3,20.2,2.47,39273,True,711
93.66,278.65,6.44,9608,False,7077
63.15,221.97,0.75,41933,False,2867
116.26,97.06,3.41,22124,False,841
44.52,60.96,6.42,9644,False,426
80.64,88.82,6.92,49265,True,9881
55.31,168.17,7.55,1884,False,5682
42.29,263.64,0.52,13658,True,1618
65.95,44.68,9.66,17587,False,492
81.62,214.92,9.31,28009,True,7220
59.46,264.34,2.82,8627,False,7660
45.99,82.73,7.36,26777,True,9894
93.85,212.1,4.18,32400,True,9399
57.48,68.37,8.01,8051,False,1271
59.61,71.65,3.35,8041,True,147
51.37,191.11,9.09,29544,True,844
56.42,23.88,3.71,38703,True,9525
105.55,77.11,3.5,33492,True,9847
100.35,195.97,8.88,36085,True,2879
115.05,11.01,4.98,48803,False,7240
98.84,144.85,8.11,24130,True,1099
40.01,231.16,0.7,43221,False,8897
84.15,241.07,7.8,12592,True,3275
72.17,228.08,5.73,25704,True,7736
52.7,197.14,6.66,44270,False,7971
99.76,244.73,8.49,8260,True,1774
76.33,31.28,9.22,17536,False,3093
53.19,62.79,9.31,4084,True,7395
44.25,265.33,0.22,20072,False,8344
46.84,244.29,5.61,29148,True,7674
42.48,284.45,6.29,35948,False,3800
50.76,156.89,7.74,36356,False,3989
61.32,82.25,7.53,1465,True,8674
112.51,232.82,3.77,36618,True,2860
103.11,39.99,9.16,8880,True,5828
109.7,157.13,4.97,41732,False,3121
93.23,290.22,1.43,31265,False,4971
47.74,238.45,2.51,36955,False,8823
88.44,246.52,9.49,38584,False,1283
47.85,263.14,4.97,39950,False,7917
64.95,188.92,3.82,38093,True,7584
62.19,147.34,4.09,23678,False,2467
87.08,219.61,2.95,32256,True,1374
108.72,20.68,4.61,1994,True,5196
55.38,178.32,0.12,5771,True,1123
42.85,188.4,7.91,15927,True,2508
66.7,180.29,5.43,2304,True,7379
100.2,67.69,5.21,4125,False,5646
84.16,265.81,4.2,34721,True,1160
79.46,241.02,9.5,13051,True,3000
42.64,210.12,1.07,27892,True,9173
53.46,90.4,2.41,26632,False,9942
43.26,123.66,9.03,33228,False,8231
98.55,63.39,9.14,39055,False,790
49.57,202.63,4.67,18713,False,392
119.98,11.2,3.27,38835,False,8764
101.54,38.05,4.17,15618,True,6265
70.55,197.01,9.9,11213,False,8042
45.41,170.53,1.05,2022,True,2934
61.08,220.16,3.07,36213,True,6620
103.64,79.44,6.69,11429,True,5658
111.8,187.97,6.29,15793,False,4189
68.79,115.69,0.06,46927,True,3786
108.75,129.57,2.4,5449,True,8040
66.8,209.07,6.3,45704,False,8146
76.41,189.52,0.96,47008,True,6400
45.07,122.61,7.82,26575,True,8923
101.59,86.09,8.46,14688,True,9922
79.69,203.18,8.96,22338,False,4691
71.99,136.02,9.03,30313,False,5386
47.44,118.48,7.81,32171,False,1654
88.68,21.23,2.78,20334,False,1248
95.11,206.87,1.7,26428,False,2834
104.88,71.96,2.76,31070,False,8583
45.11,99.64,6.53,4628,False,1891
92.49,131.8,1.98,33232,True,1449
54.05,190.83,0.48,36283,True,5922
94.14,17.92,6.05,18839,False,3336
94.64,259.98,6.24,32430,False,5700
89.84,81.4,1.57,26677,False,5582
72.77,193.84,7.98,28246,True,3005
110.75,114.82,2.97,30680,True,3529
66.63,43.25,8.18,36006,False,2006
109.36,283.34,1.18,4654,False,4425
74.13,237.58,8.89,17939,False,5462
111.16,210.52,5.1,17112,False,1364
97.43,294.72,6.07,30899,True,4932
42.2,111.21,0.23,14883,True,1279
105.52,279.93,0.39,6976,False,929
52.6,95.53,9.5,48518,False,8665
75.13,64.64,1.63,44800,False,8971
112.87,163.78,0.49,11789,True,7203
83.35,34.65,1.81,3037,False,761
88.07,166.5,4.37,47289,False,7613
82.28,166.76,8.46,30054,True,8443
105.96,262.84,6.03,40286,False,3689
69.82,75.16,3.29,21717,False,7378
99.05,130.46,2.59,9783,False,987
67.4,244.79,9.81,7594,True,1243
61.65,24.99,4.3,42241,True,1684
94.9,191.1,4.58,42152,False,4569
52.13,235.77,7.58,22131,False,9700
46.7,43.6,7.71,38514,True,8241
90.24,176.04,5.66,39243,True,6639
107.53,179.05,3.21,35911,True,4700
40.22,33.64,2.11,10155,False,1504
42.66,126.58,3.9,14630,True,1451
57.08,111.39,7.24,7895,False,396
51.1,285.33,9.74,6156,False,8452
56.13,135.01,1.33,29147,False,1108
95.73,63.83,0.6,5563,False,1568
73.17,21.41,5.86,6653,False,5101
75.87,10.82,9.12,20112,False,927
42.5,247.75,2.32,43967,False,4412
55.35,125.06,4.43,30148,False,5860
63.68,69.54,7.0,17458,True,3150
49.75,214.1,9.35,37235,False,8088
92.68,257.75,6.51,23211,True,7478
47.89,262.16,8.57,22134,True,1691
69.95,179.89,0.26,15874,False,693
97.08,229.88,9.52,19897,True,1780
50.12,110.04,7.6,10520,True,8824
102.21,289.56,0.74,41095,False,935
113.17,152.33,5.09,18280,False,7860
102.14,120.14,1.08,44960,True,7955
89.64,197.97,3.51,1446,True,446
59.77,83.67,7.1,15188,False,4706
115.13,141.69,1.86,34026,True,6227
86.32,294.93,8.62,17309,False,9831
104.08,20.41,7.6,21689,False,6740
116.77,19.44,9.51,35424,True,3092
43.4,201.73,7.08,16229,False,9181
86.55,82.54,8.01,30299,True,4672
88.91,140.23,8.45,13003,True,6906
107.01,15.54,8.13,17430,True,9112
74.94,210.01,0.2,18783,True,4693
112.49,82.36,9.32,13291,True,7695
61.71,142.48,0.02,4721,False,1051
72.54,190.0,1.82,22134,True,2279
78.06,78.85,2.69,7764,True,2182
46.09,244.44,9.28,19540,True,4838
66.77,31.63,2.99,45047,False,9181
81.16,287.93,5.47,49621,False,9246
54.43,272.53,2.12,30501,False,6385
73.17,216.44,9.49,17158,False,8455
88.3,73.16,5.06,22696,False,7940
119.46,39.15,3.02,7555,False,6671
100.85,102.57,5.5,43102,True,4697
57.72,150.63,5.81,43243,True,7207
48.55,183.82,3.17,26869,False,6473
55.11,57.62,6.76,40410,False,6589
51.72,64.06,3.83,5381,False,8007
84.83,216.42,1.02,18817,True,7571
79.95,281.13,8.8,25638,True,1022
66.25,283.7,7.36,14053,True,1986
110.74,227.8,0.76,7660,False,9791
119.45,99.75,3.65,48939,False,8615
63.55,281.47,7.6,27959,False,1946
59.52,49.0,8.84,14723,False,4775
104.58,129.54,5.85,44664,True,8913
62.03,211.0,2.8,45181,False,8171
117.12,297.74,2.55,23599,False,2021
55.3,265.1,7.38,48168,True,4348
81.46,84.97,2.77,25413,False,393
89.51,82.88,3.43,19362,True,8114
65.04,217.76,4.6,39625,False,7054
43.67,267.87,5.13,28982,True,9972
69.02,85.06,1.64,46506,True,6625
52.24,140.52,0.09,37220,False,3556
68.66,110.06,4.0,22399,True,8778
48.8,28.21,9.53,32602,False,8190
83.4,10.67,4.27,20319,True,2739
102.82,244.78,4.52,47210,False,1748
75.12,18.48,6.41,10856,False,4163
42.74,108.4,8.4,33909,True,7383
79.59,95.17,0.54,34354,False,8187
44.38,225.34,8.64,14642,False,5173
71.36,223.12,7.13,23182,False,5104
99.93,41.84,6.02,44319,True,2262
93.66,38.29,2.69,10241,True,222
88.2,285.77,7.93,46647,True,9994
63.57,104.38,8.45,36518,True,7473
114.58,149.53,0.75,29440,True,6214
66.94,199.47,4.61,39047,False,3131
52.69,263.27,4.2,11808,True,3415
95.02,40.53,7.3,28781,False,7551
97.87,230.8,5.73,43621,False,3752
56.99,74.32,9.87,35676,False,6980
56.79,104.28,9.43,10242,True,8486
111.32,107.23,6.63,22649,True,7116
82.07,245.63,3.92,39716,True,4215
115.54,109.77,3.09,7377,True,720
107.6,85.73,6.29,11747,True,7204
117.92,48.52,2.26,7817,True,1019
44.37,40.34,4.12,35374,False,8863
42.53,234.51,2.93,15085,True,4387
113.5,184.18,3.09,1018,False,9942
75.45,274.85,1.68,21577,True,6729
87.24,184.64,6.92,14684,False,2145
74.83,22.62,2.58,32395,False,3822
65.67,85.78,7.18,15676,False,3609
71.64,46.76,5.93,18638,False,9347
79.27,83.88,6.19,48224,True,1636
75.77,160.48,3.72,11111,True,7398
89.69,176.95,9.31,15520,False,4756
58.74,16.4,2.61,33496,True,7790
103.39,291.08,6.08,29094,True,6644
55.83,72.51,4.39,32877,True,7825
60.98,218.36,9.36,45583,False,4175
102.79,66.81,4.95,40708,False,9877
60.78,177.43,5.9,29594,True,4004
70.46,93.07,3.07,20349,True,4605
88.34,228.94,3.23,20543,True,2995
79.59,105.84,1.76,46727,False,6584
116.48,178.27,2.94,46685,False,6479
105.61,14.72,5.6,3276,True,9113
74.66,201.61,9.39,37283,True,3060
103.99,141.8,4.4,9945,False,5376
87.89,231.35,2.05,35281,True,6777
86.44,77.89,0.34,14953,True,5282
113.09,233.91,1.63,34442,False,8369
102.43,35.73,6.1,27099,False,1750
93.65,228.52,1.87,21514,False,6985
104.33,50.08,4.8,39037,True,711
82.7,267.97,4.35,26588,False,316
97.14,100.25,8.32,29984,True,1196
104.55,254.08,8.57,33389,True,814
104.73,285.53,0.56,22843,False,4308
42.2,21.42,4.92,49897,False,9737
118.88,214.7,3.25,20684,False,1496
80.8,83.99,9.49,6751,True,7414
51.16,56.66,1.64,34948,True,635
95.99,85.72,9.91,33825,True,2799
77.67,34.55,5.22,31346,False,7594
80.31,286.07,5.99,10272,True,3918
83.25,284.46,9.42,39972,True,5627
57.91,199.84,8.43,4384,False,2504
78.77,123.5,3.81,11888,False,1761
69.93,164.89,3.89,49304,True,3260
104.63,115.79,7.86,46287,False,4267
60.78,64.66,0.14,10381,True,4729
119.79,176.3,3.0,42128,True,5121
86.96,236.14,6.77,6261,False,893
73.74,64.81,6.39,44039,True,6950
80.02,248.71,7.49,9978,False,6775
82.73,198.68,5.5,13205,False,4087
69.05,257.44,4.67,25304,True,6491
60.96,30.12,5.23,25231,False,8118
41.43,234.43,2.84,25507,True,5812
55.43,158.74,4.68,31614,True,7338
42.0,82.45,6.69,1935,False,4737
69.79,88.86,0.11,38941,True,6712
64.34,77.4,0.32,21931,True,8838
53.95,232.69,7.72,45741,False,6413
77.56,259.95,2.02,8023,True,8896
118.64,140.08,5.3,8430,True,5625
74.55,45.36,3.08,24024,False,3936
96.34,271.71,1.94,36979,True,8455
57.91,100.2,3.16,30218,False,9843
87.13,54.11,3.19,10080,True,3574
48.52,131.46,3.68,48843,False,7871
58.54,39.6,7.45,4750,True,1836
78.99,171.15,2.12,41086,True,2108
51.67,126.21,3.13,24386,True,9880
88.31,297.62,8.38,19359,False,5318
52.26,130.07,0.75,31164,True,2693
106.53,101.59,3.34,16981,False,6572
65.56,146.12,9.12,30666,False,1538
105.89,101.08,1.44,22742,False,6753
71.56,273.34,1.27,4967,True,9594
49.37,296.7,4.0,46734,False,7094
66.69,184.36,8.31,1894,False,7273
71.47,135.51,2.08,17581,False,9669
86.78,190.48,9.13,7136,True,6030
74.16,200.28,5.94,35795,False,6186
89.6,193.31,2.62,38278,True,5584
93.63,255.53,9.28,1794,True,5209
89.9,243.08,1.46,37316,True,9283
48.44,97.4,3.51,47667,False,3596
74.49,249.88,9.17,35730,True,5101
69.8,287.27,0.69,8460,True,3662
118.79,239.04,0.45,49182,False,4538
105.42,276.0,3.55,3988,True,3176
51.8,206.29,9.66,40811,True,4171
97.87,20.16,6.11,12705,False,798
55.83,291.53,9.49,23845,False,7535
77.75,258.0,6.69,14912,False,8749
77.62,240.12,1.75,23746,False,2898
82.83,23.49,0.61,5984,True,6844
73.82,223.46,8.55,46013,False,9865
65.09,262.77,8.02,9998,True,8083
83.96,95.75,2.0,9108,False,8474
83.07,236.88,2.09,49727,True,9821
98.72,100.29,0.18,37432,False,9743
46.67,200.67,2.4,37986,False,2725
85.09,120.2,4.47,45261,True,356
86.0,51.37,1.79,32139,True,5099
53.47,87.5,6.73,27401,False,5276
62.56,280.93,0.76,3796,True,9587
112.74,42.53,7.51,21928,False,8705
101.23,161.65,3.5,33837,False,7998
95.2,68.09,8.09,31215,False,9591
48.33,161.14,9.72,23100,False,6007
100.07,211.04,6.43,28901,True,883
96.67,101.09,0.11,3111,False,8615
113.11,55.01,5.99,9402,False,4328
49.82,187.51,2.73,45453,False,6366
50.19,25.19,8.77,43267,True,3856
94.58,110.02,7.34,38316,False,7420
104.96,159.43,3.49,35432,True,8312
115.96,23.75,6.68,42556,True,4977
115.8,256.92,9.17,18828,True,796
75.31,81.22,6.94,22811,True,1090
80.97,232.85,8.47,9520,True,4900
87.86,119.38,8.38,2435,True,212
82.76,64.06,3.93,17493,False,2103
85.64,186.61,6.42,41662,True,8859
94.61,241.4,6.63,49542,True,6623
41.03,83.94,1.1,34544,False,122
99.2,236.36,4.39,11041,False,7918
59.42,45.06,6.63,30474,False,9870
98.87,188.06,0.97,34555,True,1714
87.55,163.81,9.2,13358,True,1230
115.5,202.2,4.87,2453,False,7863
84.49,80.23,2.29,24635,False,5126
91.1,75.08,8.77,25896,False,6020
74.01,25.13,3.97,1546,False,7378
87.63,200.69,0.99,9756,False,446
86.69,175.2,6.96,15693,True,8763
91.25,142.71,1.39,20799,True,1962
57.69,46.19,8.61,31957,True,522
43.34,116.56,0.73,36754,True,960
73.49,276.3,4.2,13672,True,621
104.24,299.21,8.8,45565,True,8879
69.88,281.83,9.71,27766,True,3466
69.36,227.48,2.45,5231,True,1956
108.08,185.7,3.56,32872,True,6530
76.24,45.99,9.32,47577,True,8994
73.07,104.58,7.72,49501,False,4130
66.42,211.3,3.93,13409,True,9146
43.04,48.9,6.45,5304,True,9592
82.91,202.29,6.71,42496,True,8414
40.42,172.96,6.15,43009,False,648
51.22,193.55,0.11,24311,False,8266
70.92,87.02,4.2,24596,True,8309
113.72,59.81,4.77,15792,True,7875
70.92,223.01,4.91,38586,False,587
97.55,30.33,2.74,20672,False,2317
111.83,251.63,4.27,22025,False,2981
65.98,266.71,4.26,18911,False,3812
58.54,212.99,1.42,18077,False,9032
86.6,228.36,8.43,26527,True,4334
72.52,215.53,8.55,24496,False,6776
86.12,192.31,5.19,1150,False,3145
69.04,293.48,4.95,39057,False,1485
102.77,168.08,8.7,34328,False,1426
48.39,235.3,1.69,44594,True,1724
109.9,214.27,3.36,31166,False,4270
84.15,220.93,1.22,49860,False,1905
86.41,281.0,9.68,17343,True,9581
49.73,73.24,2.82,8542,True,2622
97.79,33.93,7.41,45286,True,1370
113.65,137.5,8.77,2236,True,1208
59.72,68.09,1.75,4491,True,3027
53.6,98.54,7.19,30203,False,8313
78.1,92.42,6.02,30246,False,8118
81.41,163.97,6.0,18001,True,5715
68.59,210.84,1.14,48182,False,2914
96.73,26.94,0.51,8597,False,9446
111.63,55.7,5.43,26371,False,4979
72.1,32.27,9.8,46083,False,554
50.71,281.87,9.4,3478,True,3756
70.2,116.64,1.1,31457,True,3752
86.4,192.53,0.23,26305,False,7805
62.14,85.53,1.45,23803,False,2592
101.5,139.04,1.52,33032,True,7789
66.46,288.69,2.64,9805,True,5420
93.1,88.1,8.58,5155,True,247
99.77,126.23,1.0,6633,True,7298
88.7,94.49,1.2,48428,False,8886
90.26,184.88,2.44,46821,False,1366
62.78,76.01,3.49,40403,False,9371
45.15,278.84,2.2,9095,True,7504
81.4,255.06,4.54,45799,False,2147
59.23,110.92,1.81,7697,True,1181
91.77,168.4,9.48,21557,True,7150
61.66,161.85,7.45,43238,False,3618
107.09,289.27,0.02,10838,False,1309
77.86,20.14,9.58,37234,False,3546
50.07,93.15,2.96,17878,True,7481
60.99,79.55,8.08,17594,True,8455
107.32,264.63,1.04,19429,False,719
85.83,56.69,9.69,10066,True,4631
85.55,53.08,0.8,25338,True,4202
82.6,252.67,5.21,19087,False,5301
94.96,150.57,9.58,9935,True,4223
90.41,163.57,6.23,34389,False,1253
44.1,70.98,3.01,31198,True,7194
60.26,99.27,1.02,23369,False,1356
86.91,146.4,8.01,4030,True,2293
62.32,99.23,8.02,10373,False,2867
65.07,14.8,7.53,15596,True,1889
76.89,30.04,9.58,17085,True,1113
115.26,286.46,7.19,5886,True,4166
66.99,84.67,3.41,9760,False,9820
114.16,299.12,0.77,11851,True,498
81.22,125.17,0.36,49460,True,5309
118.83,67.0,5.23,7031,True,1215
91.01,61.99,1.72,29186,False,1910
57.46,236.08,0.51,13808,True,3677
55.83,107.06,3.44,43433,False,3430
77.32,173.84,5.13,12412,True,1142
110.22,184.8,3.58,38556,True,8114
75.6,38.07,8.56,18015,True,8879
114.9,38.01,1.69,30662,False,2851
72.38,98.64,4.36,15372,False,1075
44.63,155.74,7.88,44359,True,5594
86.42,287.14,2.69,44704,False,9079
79.92,39.94,2.02,13556,False,5848
81.73,31.37,1.02,29517,True,6979
94.12,46.95,2.7,32080,True,1985
106.16,16.04,7.51,17583,True,2761
53.12,211.22,6.16,16519,True,3692
42.44,37.37,8.05,5275,True,3716
81.17,113.91,0.1,38447,True,3060
81.6,90.48,7.58,37397,False,918
52.44,89.02,8.55,16230,False,645
59.9,205.55,2.04,1999,True,1614
115.47,104.74,7.75,9018,True,9595
68.94,115.17,3.14,11114,True,3333
93.59,107.4,7.97,1984,True,7512
48.93,253.2,0.99,12387,True,1821
72.51,92.05,8.95,44270,True,4108
92.07,43.17,4.99,38856,False,6140
92.91,219.56,3.37,14164,True,9531
98.66,95.62,9.68,32357,True,7883
64.22,154.19,0.61,30221,False,8515
108.35,201.47,4.85,20872,True,8483
77.69,223.01,2.8,5483,False,261
41.67,215.83,9.54,13897,True,4225
71.9,282.19,4.07,35358,True,7693
104.5,247.33,8.65,24200,False,6104
108.88,59.22,7.79,45257,True,1984
109.13,147.25,1.7,1250,False,3115
45.38,46.97,0.68,1319,True,690
52.86,123.5,5.85,46028,True,1292
117.71,74.33,4.67,36070,True,2031
86.3,266.25,6.4,18535,False,9377
73.21,134.35,8.47,16480,False,7209
119.71,277.01,9.26,5979,False,6174
86.91,203.8,0.88,41213,False,8801
94.84,141.66,3.0,27269,True,1433
78.25,241.91,0.54,24511,False,3844
88.6,241.73,4.22,17736,False,9798
108.01,280.9,8.07,19581,False,8809
89.5,223.36,3.5,34975,True,8952
116.94,110.43,6.63,46472,False,423
109.2,294.8,9.53,6457,True,139
60.58,276.18,7.43,10900,True,5203
116.71,222.48,7.99,14864,False,9936
69.43,287.26,4.87,11532,True,9282
85.97,101.73,5.58,12824,True,2594
108.03,268.5,0.37,39133,False,5009
72.26,159.37,1.12,38796,True,9252
102.18,295.31,1.42,22344,True,9002
69.99,239.62,6.62,20108,False,5193
107.33,279.77,7.59,20457,True,2444
45.32,182.49,3.57,47533,True,9902
105.98,124.02,6.8,41636,True,5749
115.35,135.05,3.4,44030,False,2587
119.14,155.44,3.69,49058,False,3383
65.46,103.2,5.08,12823,True,4912
79.7,182.24,5.56,2100,True,6394
44.02,284.73,5.55,34075,True,8403
69.46,154.78,2.08,35058,False,612
61.79,225.85,5.25,37421,True,6833
78.84,71.89,3.17,46349,True,2430
80.77,172.62,3.85,19594,False,7688
100.06,203.06,8.48,26485,True,6531
47.74,210.1,8.16,39896,True,9429
64.87,34.28,9.48,10509,True,8552
102.42,160.26,6.85,32418,False,2524
110.56,34.41,8.3,31161,True,9512
71.37,211.25,6.64,1454,True,8417
54.27,176.73,6.56,22445,False,882
100.0,74.49,1.42,13492,False,3937
113.53,263.55,8.25,4125,False,965
54.82,226.12,3.5,1891,False,3594
61.88,148.57,0.57,3109,False,405
60.02,166.63,6.12,48019,False,3223
112.87,104.34,5.13,22832,False,7448
115.74,243.11,0.4,49431,False,4717
71.65,246.68,5.22,9897,False,7902
67.88,263.67,1.53,41756,False,2101
68.16,120.12,7.32,37391,True,2177
91.36,130.92,9.6,1672,True,7080
69.47,143.99,9.85,8796,True,9714
68.93,189.56,5.97,30091,True,2230
114.79,184.66,8.86,23505,False,6527
83.37,269.21,2.92,31877,True,6005
89.2,130.83,5.25,14848,True,4583
101.62,25.53,6.21,7419,True,3402
103.34,188.2,2.13,43172,False,6150
51.13,132.46,3.38,8620,False,6264
105.56,66.79,7.55,6862,True,868
50.44,151.38,7.86,16705,False,6358
116.35,184.92,4.64,40680,False,4610
50.73,21.26,0.43,14483,True,7199
75.93,124.38,5.59,36784,True,4010
77.05,55.98,5.83,31310,True,762
77.13,72.46,0.36,18869,True,5315
40.29,133.79,8.88,9975,False,2784
99.91,42.95,6.28,45453,True,2192
67.49,36.24,8.96,34260,True,640
60.1,49.19,5.33,8628,False,8723
119.4,201.23,2.27,46382,False,6491
92.46,181.01,3.21,6758,True,277
80.0,15.66,7.3,7180,True,3448
87.84,239.82,1.72,24469,False,3069
98.83,17.47,6.65,37174,True,913
71.13,170.59,2.07,49671,False,2099
62.07,11.28,7.88,24943,True,2266
106.49,280.49,0.04,8716,False,4446
64.86,130.88,1.35,38362,False,4683
45.84,230.09,6.03,1995,True,4513
87.54,10.69,1.44,20601,False,9108
52.28,255.21,1.46,34117,True,4908
72.23,23.38,4.33,47637,False,6373
107.75,259.37,4.54,28342,True,6048
96.45,207.37,1.56,44080,False,3298
90.5,233.82,8.82,45993,False,9024
52.42,98.13,9.34,25511,True,3445
70.93,27.6,2.13,6333,False,9555
94.94,12.49,6.8,38093,False,8474
116.89,172.05,6.19,12319,True,4863
83.67,106.6,8.87,14651,True,961
65.81,50.46,4.0,25273,True,4801
81.65,159.17,2.63,26767,False,3789
49.81,283.28,6.76,13237,False,1615
73.99,164.47,5.2,4492,False,2233
93.89,103.46,5.5,15439,False,8100
112.42,191.37,7.61,45841,True,5181
117.96,162.81,2.72,12252,True,3696
56.91,288.75,6.42,4157,False,1450
85.2,93.11,1.08,14560,False,2899
63.78,45.92,1.67,24107,True,5700
108.44,83.94,3.2,37701,False,7858
84.85,263.19,5.81,17852,True,6994
50.83,192.15,5.71,40081,True,7575
77.12,223.43,2.92,22693,False,6018
100.29,137.28,6.35,7781,False,8034
108.58,50.1,0.05,16264,False,5155
101.52,76.18,5.96,28998,False,9480
64.79,288.61,1.83,18486,True,2230
104.04,269.17,7.51,44425,True,3413
99.07,204.13,3.68,47689,False,7490
108.74,17.91,3.92,39585,False,4052
66.72,224.99,6.98,36228,False,6403
110.4,244.99,1.22,20410,True,7819
112.23,43.58,1.73,40275,False,8201
42.54,282.3,6.56,35938,False,7992
99.58,32.48,5.49,11835,False,4520
98.13,204.84,8.27,32801,False,4064
113.47,61.45,9.86,11050,True,5599
117.43,162.52,8.86,34427,True,7151
109.67,27.77,6.76,29334,True,6694
98.1,137.58,0.67,24364,False,7178
118.18,47.77,4.43,10700,True,2410
43.77,181.86,1.55,30189,False,552
62.31,110.93,2.85,30797,True,7319
100.35,167.25,5.1,47353,False,3124
81.06,263.18,1.46,18795,False,8466
116.51,56.08,5.5,38172,False,6262
105.19,205.54,6.11,36740,True,8153
77.86,139.01,7.63,38205,False,1282
73.45,201.8,4.33,28313,False,7449
53.31,114.56,2.43,23103,True,7636
110.58,10.03,3.22,42520,False,5326
54.67,275.91,8.87,5759,True,8225
112.32,45.04,2.26,21257,True,9723
68.32,226.95,0.67,27904,True,9647
113.92,83.26,9.16,33417,False,599
102.54,101.35,4.37,15589,False,1905
78.36,10.35,2.13,21761,False,3228
45.85,131.49,3.37,13143,True,4903
65.83,93.6,2.26,11506,True,9370
81.6,125.81,6.52,23766,False,7687
53.66,222.23,6.85,28403,True,2559
89.74,86.94,7.31,48639,False,416
90.82,81.88,3.7,43355,False,9624
80.16,188.86,8.73,36692,True,5920
105.22,272.43,0.03,25477,True,4740
45.05,298.76,4.07,36832,False,6633
70.12,90.72,5.98,4552,False,1679
50.21,267.49,7.36,37041,True,4655
65.36,139.03,4.41,12031,False,7428
49.9,176.11,9.75,40629,True,9528
84.18,76.68,0.08,21310,True,5899
98.04,187.01,7.77,11405,False,489
40.42,229.78,1.5,31781,True,7622
53.15,266.48,5.25,16408,True,6770
62.65,91.23,6.49,42266,True,2548
52.02,225.82,0.25,31697,False,444
78.57,248.86,3.69,4653,True,6500
97.29,171.66,0.07,25148,True,8281
77.82,39.54,2.11,7178,True,6161
75.61,36.25,5.94,15558,True,2082
87.57,13.71,2.99,31179,False,5888
89.46,201.76,1.54,22766,False,5715
48.12,45.34,0.88,14778,True,7621
82.52,271.79,3.34,9627,False,4646
73.01,292.31,4.21,15811,True,3649
64.77,11.26,7.61,18005,False,2756
50.74,178.84,2.1,24920,True,5608
109.31,105.4,0.36,38823,False,4678
118.42,64.33,4.47,49154,False,8230
96.92,67.0,2.01,40007,True,5698
40.9,63.46,4.9,35595,False,4754
117.44,180.78,5.17,33425,False,1552
66.89,272.65,5.67,19861,False,2970
44.26,274.66,0.05,12648,True,8890
75.33,169.94,4.41,4652,True,8113
40.24,250.27,6.77,12759,True,7566
116.5,81.66,5.66,4733,True,3824
96.69,183.98,2.05,8615,False,701
59.14,159.17,9.07,23134,False,6089
99.32,174.17,3.47,22211,False,1529
97.42,167.45,6.78,37163,True,1573
95.42,62.76,2.78,13681,False,5614
90.31,195.38,4.28,3814,False,5550
108.72,71.47,2.1,2070,False,5307
103.32,272.61,3.64,29680,True,1256
73.74,32.31,0.75,34093,True,8921
78.93,59.07,0.8,27141,True,2826
82.66,266.11,8.46,21149,False,3736
86.1,263.4,3.67,15895,False,2606
47.77,199.67,3.43,6776,True,5498
62.64,247.71,4.03,20693,False,2932
89.57,284.25,5.42,29114,False,6215
85.92,174.86,5.01,14772,False,5295
70.86,30.6,5.26,22722,False,9032
57.76,287.96,9.74,9723,True,4355
47.79,219.23,1.88,3727,False,1917
71.39,263.4,7.78,6436,True,6061
75.52,38.76,0.35,4159,True,8787
42.35,142.09,1.17,42245,True,7230
94.9,74.41,0.87,2240,True,4671
78.82,38.78,7.68,36820,False,3718
81.08,221.89,9.87,35430,True,132
57.1,280.44,1.43,29021,True,5590
68.18,232.39,4.06,28818,True,4531
64.82,55.05,6.76,7076,True,9529
85.69,241.35,8.01,33441,False,8264
75.52,50.53,9.05,25312,True,5425
85.37,67.3,9.15,41241,True,3056
99.85,155.63,0.14,38537,False,4349
93.13,294.81,5.31,4845,False,2718
40.4,281.39,3.28,6714,True,8183
40.18,182.89,4.06,43710,False,6832
75.43,224.21,8.85,32474,True,3374
47.08,196.75,3.29,48493,False,3336
104.01,234.6,5.21,16250,True,1875
53.55,275.2,4.92,16675,False,5882
55.37,189.95,0.6,4756,True,5514
41.3,50.33,8.11,27797,False,1038
80.05,56.01,8.07,39252,False,9060
40.75,251.3,2.92,18289,False,2009
102.8,140.96,0.29,8471,False,519
43.61,187.96,9.4,1476,True,9303
55.45,161.81,4.18,8381,True,177
97.37,100.39,2.6,35189,False,4097
86.7,258.27,2.87,40124,False,4360
107.63,119.05,8.81,15307,False,3207
43.59,159.85,9.04,5833,True,8608
52.28,170.06,2.6,22826,True,4650
42.27,120.39,1.34,43207,False,6146
93.11,266.98,7.0,23093,True,170
117.25,278.04,2.47,30121,True,4302
42.5,21.64,9.97,25073,True,6427
51.11,282.13,5.8,26836,True,2826
85.1,61.36,0.37,20078,True,587
54.13,133.46,5.03,35836,False,292
69.73,267.84,8.98,13632,False,6082
109.85,232.83,1.54,44475,False,9030
76.04,22.91,2.84,25500,False,4617
89.01,238.89,4.24,45371,True,5623
86.96,241.2,3.55,40222,False,3542
74.13,136.97,2.53,46674,True,8102
43.9,163.67,5.48,41445,True,704
68.05,242.98,1.51,31336,True,2866
93.4,91.86,6.88,40696,False,3180
73.97,53.71,2.34,27661,False,543
104.24,147.93,2.03,6355,True,9034
83.96,66.21,5.46,40644,False,9010
94.28,173.18,4.43,3856,True,8915
85.54,132.22,0.51,12371,False,4149
52.43,204.98,3.56,26381,False,9751
105.29,181.92,3.01,30573,False,5542
77.59,56.13,8.43,19537,True,3630
63.39,38.95,1.98,21177,True,6755
109.12,183.19,2.04,1049,True,6727
77.3,198.79,6.34,18067,True,3059
98.7,227.01,3.74,23235,True,7255
117.44,285.8,2.57,12933,True,5112
62.88,277.66,5.95,41104,False,9154
73.65,198.52,3.32,29546,False,4076
97.66,187.61,0.63,28474,True,5667
55.31,208.91,1.93,47027,True,8078
42.27,114.96,6.96,25528,False,9434
57.19,249.92,6.95,28740,False,578
45.91,63.01,6.36,7657,False,2848
100.75,270.56,2.26,35348,True,2520
102.4,66.19,9.39,14528,False,4900
85.5,97.03,8.83,27369,False,1418
109.44,120.98,3.16,13698,False,801
43.05,10.48,5.88,6737,False,8534
40.95,65.5,5.59,29826,False,6878
91.42,276.82,5.25,4798,False,1847
114.86,141.76,6.15,42135,False,3425
63.59,125.09,2.88,8193,True,4687
82.67,42.72,5.34,42192,True,808
49.55,217.34,2.07,15305,False,9412
111.06,207.73,9.82,17252,True,6160
94.38,278.6,6.51,28044,True,3267
105.43,110.73,8.8,27963,True,195
69.23,53.79,4.08,18724,True,6262
88.71,284.11,6.28,21679,False,3239
76.75,152.58,5.82,20479,False,4249
42.59,93.91,4.71,36950,False,6905
83.95,171.64,4.69,22566,False,3937
114.28,68.22,7.53,21197,False,3226
88.36,243.49,4.36,16810,True,423
89.93,87.9,7.08,49485,False,7121
42.93,260.96,9.86,11823,True,212
58.76,273.07,9.54,31225,False,8850
84.33,226.46,6.04,41581,True,8951
41.86,178.06,3.79,12779,False,3882
104.58,277.65,0.64,13028,True,6443
92.69,165.68,2.81,35054,False,174
106.43,177.19,4.29,7977,True,6263
99.6,263.76,0.64,3000,False,9912
43.15,76.16,8.14,11477,True,4798
69.88,295.11,7.6,45499,True,7068
51.2,225.86,0.92,18627,False,9292
117.96,223.06,3.17,18764,False,8894
82.28,237.8,7.6,44655,True,5725
41.65,71.31,4.98,4295,False,2101
74.97,63.07,2.86,49788,True,280
90.73,63.04,8.34,14268,True,2902
55.52,293.98,1.55,13084,False,7081
114.56,20.27,5.05,5878,False,7353
77.41,22.81,4.79,10635,False,535
107.36,108.75,4.61,2241,False,6035
57.73,18.14,9.57,39049,False,2988
78.19,156.97,7.87,47027,False,3837
61.57,14.27,5.74,41462,False,9353
103.26,124.71,9.07,7075,False,1513
68.51,70.72,3.09,13937,True,7543
115.58,145.51,1.66,5967,True,5435
117.34,277.38,6.39,19999,True,1885
68.37,73.78,3.64,43486,False,975
51.57,108.26,3.64,9427,False,9364
40.53,188.41,5.17,13552,False,5964
84.89,132.77,9.64,8562,False,9715
83.44,84.21,2.08,35295,False,6055
97.47,39.79,5.16,44553,False,4809
53.34,140.07,4.64,22853,True,3228
62.57,257.27,9.37,4604,False,4093
98.15,211.12,6.52,35648,False,9100
100.84,151.44,5.89,14060,False,432
72.7,179.69,2.76,29690,False,2277
51.36,25.31,6.9,2618,False,3950
72.4,253.74,2.51,37264,True,5101
59.93,248.17,1.75,27543,False,750
75.77,204.05,5.67,14030,False,1753
95.49,227.81,4.91,29747,True,3096
66.38,111.28,5.91,46972,True,7119
99.14,50.43,9.81,33373,True,2833
63.59,298.0,8.76,11512,True,290
68.08,148.87,4.51,37805,False,4851
112.92,85.11,6.42,33959,True,976
80.37,96.25,3.11,42366,True,6174
70.68,125.1,3.76,1968,False,1515
71.37,59.0,9.2,36873,False,1118
57.85,130.81,8.36,15578,True,5451
100.58,42.23,5.96,10952,True,6904
117.49,232.33,9.89,42383,True,2433
51.71,147.09,2.77,21415,False,7186
74.54,229.64,2.2,33552,False,5007
84.89,139.98,1.86,3268,False,1706
55.89,104.23,1.75,5612,True,7614
74.07,146.87,0.16,32181,True,3456
93.81,275.93,6.33,5695,True,8788
47.36,39.33,6.3,43030,True,6306
76.23,212.83,0.86,30137,True,7062
60.81,13.27,4.16,3828,False,1777
78.28,146.01,9.92,27063,True,8491
100.75,19.04,9.07,10172,True,4875
62.08,74.02,6.32,40389,True,2789
87.34,294.19,3.83,30794,False,9954
60.99,57.97,8.77,24998,True,6460
78.55,35.88,7.85,3292,True,4748
101.34,68.91,0.71,32932,False,7850
114.54,256.86,7.27,21758,False,4953
55.23,134.19,8.79,25635,True,8573
65.41,83.1,7.19,37153,False,1474
60.16,167.16,2.26,11007,True,7265
42.81,116.2,9.94,33109,True,6867
67.31,206.68,4.61,1448,False,5199
72.87,191.25,6.9,28219,False,539
78.02,151.29,0.42,6711,False,5129
80.22,13.11,9.04,28502,False,4597
57.89,264.78,0.87,9687,False,3941
112.67,217.38,4.57,6754,False,5488
96.71,87.51,1.68,11804,False,2248
51.38,122.86,9.02,34468,False,1426
43.85,283.33,6.31,24164,True,223
79.99,12.62,5.33,49236,False,8815
42.01,265.5,9.14,16388,True,4218
96.38,45.28,6.81,10583,True,1364
104.58,178.34,7.48,33108,False,1115
83.62,103.44,5.41,46147,True,906
42.56,230.38,7.6,24263,True,2930
64.28,288.17,0.12,45324,True,4038
50.96,132.01,1.71,3281,True,2023
83.01,127.92,9.33,21710,True,5283
108.94,250.57,1.19,14987,True,4475
43.84,131.2,9.68,5758,True,2292
70.03,12.39,6.92,24507,True,8950
110.82,144.79,4.64,12657,False,7900
93.59,37.24,3.92,22930,False,5392
116.88,49.18,7.51,18238,True,590
107.2,88.03,1.9,31595,True,4902
53.74,12.97,9.06,13906,False,2498
43.28,192.15,4.11,19669,False,8784
86.95,144.95,2.28,43101,True,2401
107.71,63.71,2.01,14077,True,7548
58.77,265.42,8.85,43994,True,3933
50.04,84.68,3.36,9853,False,9428
88.04,172.93,2.04,44426,True,4914
84.18,130.99,7.94,46767,True,2074
119.56,207.71,5.55,47065,False,7401
49.85,176.83,8.81,46439,True,7762
76.96,46.03,1.96,7840,True,5181
113.29,197.94,1.3,15676,True,9115
58.1,236.34,9.13,36888,False,4089
66.66,50.57,6.83,9036,False,2198
119.89,200.04,6.34,35203,True,6531
49.26,207.19,1.88,20848,False,3597
116.9,280.26,7.56,37748,True,5829
97.79,279.63,3.97,45323,False,3443
60.95,222.22,9.28,38489,True,2393
44.35,196.31,0.36,10921,False,8459
105.14,36.35,6.24,4818,True,8090
50.47,192.26,2.5,18794,False,4984
94.62,258.5,7.07,4286,True,3952
73.27,140.56,8.47,38863,True,1021
60.86,178.15,1.26,31909,True,212
107.81,85.46,6.82,34866,True,4571
58.24,28.64,6.06,42776,False,8835
73.3,64.95,8.97,5224,True,499
41.31,204.06,8.46,11823,True,6149
119.88,37.57,8.85,40835,True,6863
111.39,131.93,9.01,21305,False,5534
102.58,198.34,0.07,27873,True,7615
87.39,20.12,3.92,37921,True,7454
107.64,184.34,4.62,9513,True,2016
78.59,201.76,0.83,9938,False,5609
57.07,172.33,0.44,23456,True,6548
58.67,277.48,1.04,25287,False,2004
66.21,291.87,0.88,22138,True,5520
46.11,59.15,2.77,32704,False,2792
110.06,26.0,4.51,49104,True,7054
91.97,30.48,9.22,43220,True,2871
95.84,66.27,4.38,37469,True,5594
49.73,26.26,7.23,25555,True,8546
72.85,124.93,5.76,19236,False,6388
116.17,297.35,6.79,44510,False,4349
69.29,163.78,5.29,16741,False,9249
93.67,158.07,1.35,15061,True,2758
107.95,116.22,7.76,3203,False,5639
49.1,238.45,9.58,35804,False,499
81.36,47.27,6.33,28054,True,4616
57.23,294.18,0.13,34729,False,7063
105.92,172.68,6.94,5749,False,3453
75.01,40.29,5.95,36611,True,9648
69.94,135.61,1.42,5041,True,8465
89.34,125.88,7.69,32071,False,1262
83.54,170.03,7.56,15214,True,5762
72.27,88.17,6.24,47116,True,2702
96.18,12.11,3.73,13235,False,1186
104.17,237.55,0.74,6177,False,319
104.3,264.22,1.02,4054,False,5112
57.71,155.56,7.52,36669,True,1880
97.84,253.78,5.83,9766,False,5345
54.65,94.75,4.32,34284,False,4486
